{"config_principais":{"cargo_staff":"1313688823737225308","channel_logs":"1313688907488952341","channel_avaliation":"1313688965261295657","category_ticket":"1313689031283970108"},"config_dentro":{"thumbnail":"https://cdn.discordapp.com/icons/1207376189875036180/f5494366e055b79d2bdd50eb11408334.png?size=2048","texto":"👥 **| Usuario:** {user} \n\n💻 **| Motivo do Ticket:** {motivo}  \n\n 🔐** | Codigo Ticket: {codigo} ** \n\n🔰 **| Informações:** __*Seja Bem Vindo para seu Ticket! Espere até que um **STAFF** lhe atenda, Evite de Marcar varias vezes para evitar punições!*__ \n\n 🧰 **| Ticket Assumido: **{assumido}"}}